Apple 아이폰 13 256GB [자급제],"1,180,000원",https://cr.shopping.naver.com/adcr.nhn?x=DKSo2XPX7lgcNFy2r1cAs%2F%2F%2F%2Fw%3D%3DsBdvmQIQNM6%2B3UnNEM3W8aLpQ1Q4D7%2BVlwz0a5mnNpLxhJz9H0Ub4KLvuVTVtNMxMoEldr6Udv7BqbvHS02i8qpxnP%2BxUrejTmx0xvHRgYQ7cziUCSmBh3HF4O8tnTkWQNTPB2L65pyil8B0wBiXNZ8i30QtKP1mA7BYZPpxeJLexWvZfe2todmJfmpbNrXnqXKJBKazWTMr3TF%2BX7oeAGbix7jXt7MNVc9AIu4EfDZlNEwRr%2B3STfYHGn%2FB5b3e4L6rBz2SBZxaD8LAQ2pDM5Y9q0SROONsVXIBbmBf%2FWZrL%2Fowdnq7%2Fmfq67OVRzok0S5SJNLgIdS1XFCtZ5GETGGLGKaKi7j2FEXmpNI%2BAgkqd6PbPnc9RLVNJQhjAPciPG1fUqIZ7CTqeNBeEUiuIjWm5dJXt8gUq76%2FCZLOKtmculMSXmodDptJZCDmbU%2FWS8S21Oey7jc5pxS8BquOSqAZJF45uZ9FXDr149XnEtBLPU6pntGCurhu%2FV8uonTYh5X6MB3JdbnBohOi8QY2mspenWtFKqkOtY%2Fg5mgf0CtLDamim%2BTkfHK2Nuua%2BC5jE2AKC7xMfogRMj0hH4kgpd5%2Bcak8stSgcIPpvO8QMYjKPovIzEQ5w0AqiLXlGiGwkQdAiJdwXirBRdnaxfvrBbw%3D%3D&nvMid=29029192591&catId=50001519
Apple 아이폰 13 미니 128GB [자급제],"899,000원",https://cr.shopping.naver.com/adcr.nhn?x=jSveOOfz%2FMGfHsie%2Fel5uv%2F%2F%2Fw%3D%3DsQ72TOtWy2LWdYwXwEatW8VqhwcrvXz5d1bW2%2F5f%2BegJWQE1WikGGRjsm7ORTamZ7WwOCi08QuXl57AMUdGcxHqnvICnJPqcucrMJhp5Xlez8ssvHo0zQzua4aXs9cfshIssyScONot8lxfehJY4iMEPg%2F6PYJW9LpCSumzPJoiiI9aZyW4hhCgmcrsQhWGWGoDvSF0ti4vm%2FgippbT9zgPKAXVfyDB1yTbVYYpYzcFnUHxlEatbmVq7jmztE%2FywsS34ZPNySSD1Ivr6oILiphIyts6gtAmOj25OLCdsjDpdVXemfpmeX70wC2wQT5nyi5pxiwDZPU40LYzhHX%2FcRvzz0LamushQ66ofHyEQOY6azaLo3YojXuQJMvdaZ%2BI%2Fy%2F0X8gFBBhr6rnnTk5Nq2rCmT%2F8qts%2FDucK1%2FRh%2BGGGWxyTNOpvF5JKAAUscSxRXpjrModG8ApvyDh2g%2Bv61QB9f04SLzEOLuWyApwkiBtsEN%2FOXq06xFLlMCwNDQObjPLcqEhOiscytOptfh0D9%2BArlrx59R3Nvvt16TdbHapMT4azGLgCRVDmCFyF0oOQu8j%2FaM5nVf1rOXk0fVU4woW1GIpTQk0wiqwTLHqkZjnocDfkLIyuldBS3f8m8e6nLmzUhNzs2VE%2B%2Bisqs3JAEppg%3D%3D&nvMid=29030650586&catId=50001519
Apple 아이폰 13 프로 128GB [자급제],"1,268,000원",https://cr.shopping.naver.com/adcr.nhn?x=hlad5wnjdmURgn9FoW5Civ%2F%2F%2Fw%3D%3DsBAebd8TEoSbGXQK0bmJJnHnWpOJyVLr7IPu%2FMHQ%2FUyRhJz9H0Ub4KLvuVTVtNMxMknH2EBypsUx8dBKa69Xc75xnP%2BxUrejTmx0xvHRgYQ7cziUCSmBh3HF4O8tnTkWQNTPB2L65pyil8B0wBiXNZ8i30QtKP1mA7BYZPpxeJLexWvZfe2todmJfmpbNrXnquNUGE%2F8E2Wl6h%2B8WEwxe9bix7jXt7MNVc9AIu4EfDZlNEwRr%2B3STfYHGn%2FB5b3e4L6rBz2SBZxaD8LAQ2pDM5Y9q0SROONsVXIBbmBf%2FWZrL%2Fowdnq7%2Fmfq67OVRzok0S5SJNLgIdS1XFCtZ5GETGDHhz0c71WziZLqWL8cCt5Lz%2BW1R6bbqRnUCfQXLuR7JG1fUqIZ7CTqeNBeEUiuIjQupWn%2BoS37JHmoJaqivtbsulMSXmodDptJZCDmbU%2FWS8S21Oey7jc5pxS8BquOSqL7TYp%2Fq8N0dYeLWf3iUY%2FG9lbCAHUgYx7U3V2HOvd43o64ifB9DVeZ8ffla9GlFdsF5Xga5saN0CviJ4QxW0B0S%2Flrb1kAt0q7X0MvsExtmEs8cFUTVf2EXpmSuc9bAhE2dgiyzFzEtBjtrOGqavnDa5bSY0T1s0lMURSOlWdDHQdAiJdwXirBRdnaxfvrBbw%3D%3D&nvMid=29030420587&catId=50001519
Apple 아이폰 13 프로 256GB [자급제],"1,403,600원",https://cr.shopping.naver.com/adcr.nhn?x=MZVqR2eR6lpISt2vIwwuv%2F%2F%2F%2Fw%3D%3DsFTwIcVbYoEJ%2BYRnMwNu6aTm1RE9z2b4yORVj9izZoH5hJz9H0Ub4KLvuVTVtNMxMuXmaomLkKVGgM9seenhI2pxnP%2BxUrejTmx0xvHRgYQ7cziUCSmBh3HF4O8tnTkWQNTPB2L65pyil8B0wBiXNZ8i30QtKP1mA7BYZPpxeJLexWvZfe2todmJfmpbNrXnq6b4twwZe%2FXnN8SL9cd67Sbix7jXt7MNVc9AIu4EfDZlNEwRr%2B3STfYHGn%2FB5b3e4L6rBz2SBZxaD8LAQ2pDM5Y9q0SROONsVXIBbmBf%2FWZrL%2Fowdnq7%2Fmfq67OVRzok0S5SJNLgIdS1XFCtZ5GETGClUOGivHs7bmv6RizQ1p6ZtJphQBHk6ArjkfIoV%2FnSvG1fUqIZ7CTqeNBeEUiuIjZhwLgdT%2F8hY%2BuUd6vK6tXgulMSXmodDptJZCDmbU%2FWS8S21Oey7jc5pxS8BquOSqE%2FTBHXcHAY4bdlnuCLZd9N6jvySWdAuqdDBn5xzOS4Io64ifB9DVeZ8ffla9GlFds9xDnKdwQAtRVLIK7Ilcz0yK0Cs47%2BuZpBIWhEHN4o%2FEs8cFUTVf2EXpmSuc9bAhLRfyMfF20BJXLp2cw4om3fa5bSY0T1s0lMURSOlWdDHQdAiJdwXirBRdnaxfvrBbw%3D%3D&nvMid=29030492586&catId=50001519
Apple 아이폰 13 128GB [자급제],"1,039,000원",https://cr.shopping.naver.com/adcr.nhn?x=d2jQaJsvAmWR3YN%2BJoCCYv%2F%2F%2Fw%3D%3Ds8M9%2F9sYMTGzAQob5D32b5pDz1snn0JBRso%2FhkSrC2fdhJz9H0Ub4KLvuVTVtNMxMMQS%2BG6640YYc%2FRk7DPnAEZxnP%2BxUrejTmx0xvHRgYQ7cziUCSmBh3HF4O8tnTkWQNTPB2L65pyil8B0wBiXNZ8i30QtKP1mA7BYZPpxeJLexWvZfe2todmJfmpbNrXnqNGdmVqT0qJ11casXr%2FJUjrix7jXt7MNVc9AIu4EfDZlNEwRr%2B3STfYHGn%2FB5b3e4L6rBz2SBZxaD8LAQ2pDM5Y9q0SROONsVXIBbmBf%2FWZrL%2Fowdnq7%2Fmfq67OVRzok0S5SJNLgIdS1XFCtZ5GETGPAdS5vsESLond%2BBl%2F5oU4fuk92w7aVpQhDh3G3J2z2uG1fUqIZ7CTqeNBeEUiuIjaFl502OOFnwWU%2B6v3CIQs8ulMSXmodDptJZCDmbU%2FWS8S21Oey7jc5pxS8BquOSqDSv333xY2L4mm1q3k6wL4XPU6pntGCurhu%2FV8uonTYh5X6MB3JdbnBohOi8QY2msnZkoYSQR4Adf9OBoGfNRg%2FDamim%2BTkfHK2Nuua%2BC5jEHYS%2Ffe75Izag9ltmMMzG%2FxRP%2BP41TWUNZyXpAXBMORTke%2FVP%2BgM94BPZkP5YJ%2Bex&nvMid=29030374587&catId=50001519
Apple 아이폰 13 미니 256GB [자급제],"1,040,130원",https://cr.shopping.naver.com/adcr.nhn?x=gqZM2VZQ5QH0QuagzBri%2FP%2F%2F%2Fw%3D%3DskjrBtOagmKOMVCdGLlsVxWw%2FCaQfhGU2Cf24fqjXeWcbsBKbbjTB%2BBCjsLv6tz%2BjU1xDb7MdpjZ95nnkdOFRIsmXmYulHl5h7kYHoYwKsGB0g6A7UZHqeF7WqsEPYmxBbQar1C1VlD8JT49YYN28LUgAn8lD2%2BxrgblrBqYwPdWug%2B9sjA7rHdeMLkY%2BwIMUdRFHqaZwu7z86DCBOMgIITQZD6UDT51Dg8nNb9lI8fV%2BFLPJmN7kd5F0maTGsL0cI5o5DwlNlgQJiI0B85HlXnGA%2BlPYS7CT85y9uZhO%2FCfffisv5tHfoGFh7RH%2BtSaOAFJNLWxG%2Fj2gEfGb7GroeD12EtfOd4BAKeFPBohctslOHLJLdkFD3paxQ992kj1%2F6nYt0P5vFdgOY0ddt5wMGdhu6KpI57g26MrSkhVu2ZNbtOJF3WmK%2BvTfXVskms1tQ5NpxzD%2BGh1Qsf3DjaBN7nDk%2FkbHZxyMzTBpfIN1hTO5%2BCy3Yk92%2Bkw%2FaVi0pb%2FAFFcURuJXcA9fpBODYEj4ut1EXwZkzkR%2B74%2F6S1yM3I4W%2FpXKtedRDnKuL7qmbeL7iA3%2FU2AzguC84AnoS7Lq%2BTp%2F1UA9u7B%2BiaTVHj8vDRfRkQhAJnQx3k8WGRXKLEq2DhLBwu%2FFQS5xWYf5w6G3jQ%3D%3D&nvMid=29030437590&catId=50001519
Apple 아이폰 13 프로 맥스 256GB [자급제],"1,537,550원",https://cr.shopping.naver.com/adcr.nhn?x=rHbRiih3K40%2ByXjkI%2F5I8v%2F%2F%2Fw%3D%3DsftQqnW6evQpTgqG2uZ0c5L5zg1yAzfGY%2FOwCYMZNbu8bsBKbbjTB%2BBCjsLv6tz%2BjKiMgQpKJGvQUu7NeWvVNuPNIVUZwguE0XSdApfKDtZV0g6A7UZHqeF7WqsEPYmxBbQar1C1VlD8JT49YYN28LUgAn8lD2%2BxrgblrBqYwPdWug%2B9sjA7rHdeMLkY%2BwIMUBSRNe5ZyGuyhkwLhP0AEuzQZD6UDT51Dg8nNb9lI8fV%2BFLPJmN7kd5F0maTGsL0cI5o5DwlNlgQJiI0B85HlXnGA%2BlPYS7CT85y9uZhO%2FCfffisv5tHfoGFh7RH%2BtSaOAFJNLWxG%2Fj2gEfGb7GroeEPKpeHKfwjTxldYyvEOooXUiZfJN1T689OzUhILtdG66nYt0P5vFdgOY0ddt5wMGW4osamkyi85iDpDHoVfQWTCHJicsJEeUMpeBKOSffdWQ5NpxzD%2BGh1Qsf3DjaBN7lca8pJnVAllZ%2FEl77tED7QDAvFUWcQ2OHIyCM%2Bq1sGI5RPNCjcG3zcXpELBiXo0ZLE14c3ipMp8JVeYhuNm1MO5mGtszIYlfs7e5jbjj8yv8h81Z46jsFmWoslNdpBUH3kijoU%2BAtrPunlNwhpGXZ058Ius0kHpm2iGaeIogCtVV3OdHgSE8LoEjTx9zpNPbFaRsOtQUnaEEbxBoHxZXOc%3D&nvMid=29030294588&catId=50001519
Apple 아이폰 13 프로 맥스 128GB [자급제],"1,404,550원",https://cr.shopping.naver.com/adcr.nhn?x=4exXcY7ffNv5yzxoSvJHpv%2F%2F%2Fw%3D%3Ds0xv4MSBq2YSB%2BFyiqwZXxJEhRLNqQCs0d0R8IFzz05kbsBKbbjTB%2BBCjsLv6tz%2BjkqMeOtcb%2FmNjAyCD5D4mrxOdeHzsEq%2BE%2F44pckZM24h0g6A7UZHqeF7WqsEPYmxBbQar1C1VlD8JT49YYN28LUgAn8lD2%2BxrgblrBqYwPdWug%2B9sjA7rHdeMLkY%2BwIMUnr7qtY8dVn8btdAmR5NIrzQZD6UDT51Dg8nNb9lI8fV%2BFLPJmN7kd5F0maTGsL0cI5o5DwlNlgQJiI0B85HlXnGA%2BlPYS7CT85y9uZhO%2FCfffisv5tHfoGFh7RH%2BtSaOAFJNLWxG%2Fj2gEfGb7GroeHWTd7m6w%2Bg97VI1LSXvsTHyu5PsGOTrct35%2FV5P9LVM6nYt0P5vFdgOY0ddt5wMGbBJKq5t9U8lMcaYlmEDFxuxSXoBuXI6Jal8phfbB0yQQ5NpxzD%2BGh1Qsf3DjaBN7lca8pJnVAllZ%2FEl77tED7QgvzkkCqZohVEEbyPUxjbQ5RPNCjcG3zcXpELBiXo0ZLE14c3ipMp8JVeYhuNm1MO1y%2BraadP%2Fepse40T4GCmuuYTbq3FE%2FefCAJqj4jIj8mNhOsroy0NdcoArYsKTR%2BWK4jfuGbr6u4wTE5SnaZ5PV3OdHgSE8LoEjTx9zpNPbFaRsOtQUnaEEbxBoHxZXOc%3D&nvMid=29030367587&catId=50001519
Apple 아이폰 13 프로 512GB [자급제],"1,659,150원",https://cr.shopping.naver.com/adcr.nhn?x=%2FqLDUln8%2Ba1YlpSd6S0Wgv%2F%2F%2Fw%3D%3DsoARcLo3WhSiH%2BpREClQHDP2682f3Nnf56K2lTQseaFQbsBKbbjTB%2BBCjsLv6tz%2BjosA953YZ9ZnS07LObijd8eKgqZv89bfiCHaY0%2BIBeGt0g6A7UZHqeF7WqsEPYmxBbQar1C1VlD8JT49YYN28LUgAn8lD2%2BxrgblrBqYwPdWug%2B9sjA7rHdeMLkY%2BwIMU%2F7r9owRKQwA1obAu19o%2FvDQZD6UDT51Dg8nNb9lI8fV%2BFLPJmN7kd5F0maTGsL0cI5o5DwlNlgQJiI0B85HlXnGA%2BlPYS7CT85y9uZhO%2FCfffisv5tHfoGFh7RH%2BtSaOAFJNLWxG%2Fj2gEfGb7GroeEkLuokEO1548sZAbLXiXtnEzo%2FZfduFXK3P9T7JdS3Z6nYt0P5vFdgOY0ddt5wMGbhZtGI2ecoxEwYJLJjL1caxSXoBuXI6Jal8phfbB0yQQ5NpxzD%2BGh1Qsf3DjaBN7lca8pJnVAllZ%2FEl77tED7RES6RLsp962bwc6PvicBTtFFcURuJXcA9fpBODYEj4ut1EXwZkzkR%2B74%2F6S1yM3I4wzMLq%2FMLD0GA4IoJln64%2FiA3%2FU2AzguC84AnoS7Lq%2BZAVyQOPiry1MdOoeVSt0MBu%2BWQrPALkJKL358bZp5mbDhLBwu%2FFQS5xWYf5w6G3jQ%3D%3D&nvMid=29030416587&catId=50001519
Apple 아이폰 13 프로 맥스 512GB [자급제],"1,792,150원",https://cr.shopping.naver.com/adcr.nhn?x=zZLIQNxvF7S1gni%2FhPnkl%2F%2F%2F%2Fw%3D%3DsZGtHCWZQV%2BcSko09jO6tiEm1kV9eo5X6zTn%2FFGstfrJWQE1WikGGRjsm7ORTamZ7rC5SPJNCpkXM8IwkVW3pEanvICnJPqcucrMJhp5Xlez8ssvHo0zQzua4aXs9cfshIssyScONot8lxfehJY4iMEPg%2F6PYJW9LpCSumzPJoiiI9aZyW4hhCgmcrsQhWGWGOUisOr%2FsrM0gmiALHeCsDvKAXVfyDB1yTbVYYpYzcFnUHxlEatbmVq7jmztE%2FywsS34ZPNySSD1Ivr6oILiphIyts6gtAmOj25OLCdsjDpdVXemfpmeX70wC2wQT5nyi5pxiwDZPU40LYzhHX%2FcRv60CFxQbO55GJ4aRupY%2BpHOzaLo3YojXuQJMvdaZ%2BI%2Fy%2F0X8gFBBhr6rnnTk5Nq2rBlJPe3j5b5TImvYQcfvLT6xyTNOpvF5JKAAUscSxRXpjrModG8ApvyDh2g%2Bv61QB9KPcVZ%2FKrjPa0MWs5Dn6qSO%2FTmDzyWk%2F15Svlrc3SxOJQ7%2B%2B64EKB%2FCwjrIJoRho2LyPDWRgylYE96MH4EkL2ZXGKMkJ5NDOZfhldZuVGgEDWrhHEcp0p%2F%2FKKziu53PdNvSfrxHnUzpP8My1NNB2lHv4iIuGyf%2F0l7fa4YWCQtzy1Vhq%2FH77x9Zlr1IFzyuow%3D%3D&nvMid=29029192586&catId=50001519
Apple 아이폰 13 미니 512GB [자급제],"1,306,008원",https://cr.shopping.naver.com/adcr.nhn?x=zN5nIrFn8DmJJ%2Bhv2LhzPf%2F%2F%2Fw%3D%3DsCXpykh1m%2BH5NCaGp0kqJ7KmkJ6NfCTcu4%2FvMklG6NjphJz9H0Ub4KLvuVTVtNMxM0bw4vrkHDu5ExkyBL4GIq5xnP%2BxUrejTmx0xvHRgYQ7cziUCSmBh3HF4O8tnTkWQNTPB2L65pyil8B0wBiXNZ8i30QtKP1mA7BYZPpxeJLexWvZfe2todmJfmpbNrXnqsbuGkiliGuKFQrhO3KCkYbix7jXt7MNVc9AIu4EfDZlNEwRr%2B3STfYHGn%2FB5b3e4L6rBz2SBZxaD8LAQ2pDM5Y9q0SROONsVXIBbmBf%2FWZrL%2Fowdnq7%2Fmfq67OVRzok0S5SJNLgIdS1XFCtZ5GETGDTN3j3%2BgFTYvaOA5Kb9WZ51e64%2Bxq2BhT2J3aNN%2FwB9G1fUqIZ7CTqeNBeEUiuIjU35k1puV%2FE2Ux9D8qfyuf4ulMSXmodDptJZCDmbU%2FWS8S21Oey7jc5pxS8BquOSqGl51FcFJ1Bcg0CVGK8K%2BzEJ6z4tlOGyZW9YfP2%2B8HiIo64ifB9DVeZ8ffla9GlFdq%2BeysSX3ii%2BnAERbU8njHF2iSLeLpkf2IjRo7YpZyMvEs8cFUTVf2EXpmSuc9bAhKU85l%2Ftztzs7rDl%2B9ugJrM6dN846gH1hUIlE3iK%2F%2BaOHRyPBWbUFRhWScTsgQynPg%3D%3D&nvMid=29030296587&catId=50001519
Apple 아이폰 13 프로 맥스 1TB [자급제],"2,046,750원",https://cr.shopping.naver.com/adcr.nhn?x=QgfCo2v90WBqELQOYIzVwP%2F%2F%2Fw%3D%3DsuvUBM8EKLQJyXm%2FfToXcigkuqmZwLEA1NJZBiFaAS5hhJz9H0Ub4KLvuVTVtNMxMTQu8TDtXkVc9FXgaMBhgYZxnP%2BxUrejTmx0xvHRgYQ7cziUCSmBh3HF4O8tnTkWQNTPB2L65pyil8B0wBiXNZ8i30QtKP1mA7BYZPpxeJLexWvZfe2todmJfmpbNrXnqArgGaDBKbEfnwAwTC02FZ7ix7jXt7MNVc9AIu4EfDZlNEwRr%2B3STfYHGn%2FB5b3e4L6rBz2SBZxaD8LAQ2pDM5Y9q0SROONsVXIBbmBf%2FWZrL%2Fowdnq7%2Fmfq67OVRzok0S5SJNLgIdS1XFCtZ5GETGFAKOev224tuLl1z3DH52FhoKCCrHNKTQTNT32sYCXsdG1fUqIZ7CTqeNBeEUiuIjaAB8uIYu9siF3ut%2BuyVuCsulMSXmodDptJZCDmbU%2FWS8S21Oey7jc5pxS8BquOSqB9aPs60XaAs0yLnBVw2nhoFlY2PJxmXo%2FLApBw6QUOlmWXdAuntmcqbOFOk%2BQxKwTsYpWArfrP4OWQG6aF6Itg93PNt2NZmagTGmN8YjZ9gramjBwCZI9AwCV4mCTWQmWr00hr0wZC7dtvq8t2AXfPBZ1UK%2FmZ%2BkKF6PrhsHcL4aGimR4pR27mrh1IoDTOSgA%3D%3D&nvMid=29029192590&catId=50001519
Apple 아이폰 13 프로 1TB [자급제],"1,912,800원",https://cr.shopping.naver.com/adcr.nhn?x=A4Xa1%2B4jkYs1AZU9MLSvK%2F%2F%2F%2Fw%3D%3DsD91pStETa7XmULTPjyvU5j1QMnT5r38MZlMUBwYG7opWQE1WikGGRjsm7ORTamZ7WXSSrRAN6agOzylQY9Qo56nvICnJPqcucrMJhp5Xlez8ssvHo0zQzua4aXs9cfshIssyScONot8lxfehJY4iMEPg%2F6PYJW9LpCSumzPJoiiI9aZyW4hhCgmcrsQhWGWG4P666JAigMTzVZ%2Bn3tMVP%2FKAXVfyDB1yTbVYYpYzcFnUHxlEatbmVq7jmztE%2FywsS34ZPNySSD1Ivr6oILiphIyts6gtAmOj25OLCdsjDpdVXemfpmeX70wC2wQT5nyi5pxiwDZPU40LYzhHX%2FcRvxqY56uwyzWxopBT0gejhfKzaLo3YojXuQJMvdaZ%2BI%2Fy%2F0X8gFBBhr6rnnTk5Nq2rBncKaMhjSfTIcx0wfCOJd2xyTNOpvF5JKAAUscSxRXpjrModG8ApvyDh2g%2Bv61QB4hhUHSIqUSzlwwt5cSI9Il1I8EDCh5n2RBrPUf%2BYM4BX8a%2FHvPOPEuDd1Ce%2FzZYNZ9Uc3toZtz7ip%2B0sHDPwbY9xQQwuSKYQijEFBcTVr2PhTj8Nm2pwYInjXfttSFW1VbxzBmUzXp2HOc07Hx0v18DfkLIyuldBS3f8m8e6nLmzUhNzs2VE%2B%2Bisqs3JAEppg%3D%3D&nvMid=29029192588&catId=50001519
Apple 아이폰 13 미니 256GB [LG U+],"145,800원",https://cr.shopping.naver.com/adcr.nhn?x=oUvV9FmZ31r2Vo1hIWQ%2Fh%2F%2F%2F%2Fw%3D%3DspPsqGt9jgOFpuRxFb2kShY3mH0KOD4jhJMiKarmtxBRhJz9H0Ub4KLvuVTVtNMxMFasbEME30KsLV7eDomVY4ZxnP%2BxUrejTmx0xvHRgYQ7cziUCSmBh3HF4O8tnTkWQNTPB2L65pyil8B0wBiXNZ8i30QtKP1mA7BYZPpxeJLexWvZfe2todmJfmpbNrXnq7r8%2BMjx%2B1KQXJkem2XwtE7ix7jXt7MNVc9AIu4EfDZlNEwRr%2B3STfYHGn%2FB5b3e4L6rBz2SBZxaD8LAQ2pDM5Y9q0SROONsVXIBbmBf%2FWZrL%2Fowdnq7%2Fmfq67OVRzok0S5SJNLgIdS1XFCtZ5GETGMjkShoaU1RqGX0nqFSmaO7JxazdOMMdW%2FhzVKqxe625H7RUU7G7711p3Of%2B6gz7p9VYLmgndq6p4MJj8PONg0EulMSXmodDptJZCDmbU%2FWS8S21Oey7jc5pxS8BquOSqMl4EIe2oh1wmuXBteybzOaU7u6s4eGvcC%2BQhLTFP7rmSZv9Z3vZVGXYiyeb1%2FD5s9%2FUUMyku9uuYKzneSYloolBM569v%2FN6GLgqciEcTD68in2nQlLpklqgvDNCmq4mYE6Zkq0NCapm%2BQwhuLU%2FPhMDfkLIyuldBS3f8m8e6nLmzUhNzs2VE%2B%2Bisqs3JAEppg%3D%3D&nvMid=29030376589&catId=50000248
Apple 아이폰 13 프로 128GB [LG U+],"633,000원",https://cr.shopping.naver.com/adcr.nhn?x=42gf256IQcUuFKMQlEfHP%2F%2F%2F%2Fw%3D%3Ds5rRpZu9n1p37kpISDmglv7H6wNvK8xjiE%2BQHjO%2Bidj9hJz9H0Ub4KLvuVTVtNMxMaaWVoFeYZK4DHRznVSeQy5xnP%2BxUrejTmx0xvHRgYQ7cziUCSmBh3HF4O8tnTkWQNTPB2L65pyil8B0wBiXNZ8i30QtKP1mA7BYZPpxeJLexWvZfe2todmJfmpbNrXnqg7gKiQG8MTIItSW%2BDJaVQrix7jXt7MNVc9AIu4EfDZlNEwRr%2B3STfYHGn%2FB5b3e4L6rBz2SBZxaD8LAQ2pDM5Y9q0SROONsVXIBbmBf%2FWZrL%2Fowdnq7%2Fmfq67OVRzok0S5SJNLgIdS1XFCtZ5GETGPF9NiKPtGTuTnHtNOVb%2BM3JxazdOMMdW%2FhzVKqxe625H7RUU7G7711p3Of%2B6gz7p92Vw%2F0K19DTrrPgdxgj%2BDMulMSXmodDptJZCDmbU%2FWS8S21Oey7jc5pxS8BquOSqL7TYp%2Fq8N0dYeLWf3iUY%2FGPU2Wu48FXzKTpLeNC9BkySZv9Z3vZVGXYiyeb1%2FD5s0kykzxRc2ecOUZXAV04fEDc%2F4ECH8ZQzhkjPjvRzkNWOozrw0F%2BzIU1xj1pfooGGUAGb42lnV3E5VGU4%2FtAFE0DfkLIyuldBS3f8m8e6nLmzUhNzs2VE%2B%2Bisqs3JAEppg%3D%3D&nvMid=29030175590&catId=50000248
Apple 아이폰 13 미니 128GB [LG U+],10원,https://cr.shopping.naver.com/adcr.nhn?x=QdI11rQT9UBkd%2FnjSCL4Af%2F%2F%2Fw%3D%3Dsy8YwfBVNJfGqGSjtnszUQ59Wo0tz2ROQu2ntOunKwYwbsBKbbjTB%2BBCjsLv6tz%2BjjcIjM3YuFbXcBHcDGkCvJ06xFr8mfk%2BOp0q5s0TMAwx0g6A7UZHqeF7WqsEPYmxBbQar1C1VlD8JT49YYN28LUgAn8lD2%2BxrgblrBqYwPdWug%2B9sjA7rHdeMLkY%2BwIMU7xzpl%2BlOYhq%2F8o1%2FuLVZdjQZD6UDT51Dg8nNb9lI8fV%2BFLPJmN7kd5F0maTGsL0cI5o5DwlNlgQJiI0B85HlXnGA%2BlPYS7CT85y9uZhO%2FCfffisv5tHfoGFh7RH%2BtSaOAFJNLWxG%2Fj2gEfGb7GroeEntazBmZIgMR41Yo7G2wHZ%2Ba26A3ArZR8NkTGi%2BmytoXDWTeRReOiaoO3w1jY%2BQmijnWovIxkqBB7sQ6jnxG2OAQ%2BNIqlmjXmDKTrrOSU2AQ5NpxzD%2BGh1Qsf3DjaBN7nDk%2FkbHZxyMzTBpfIN1hTPvGpo6ArrCGHLKJVoN1s%2F78jR8gVF8FlQ9pItE8Zzc8qI6kkCnpqooor0J8Qky2jRv4DXIErV43GHGrRibCyEN20Duw%2Bj0%2BlH1B5IcgnFCHO8F81%2B%2F4%2FL1z33NZgOR2oxWhZ3SMHTcLlpircdRzUgq1JIslBmdxaTx7xO1%2BPPoWw%3D%3D&nvMid=29030431586&catId=50000248
Apple 아이폰 13 512GB [자급제],"1,379,000원",https://cr.shopping.naver.com/adcr.nhn?x=9KZ2rHRwRNI8pw37u%2BI%2F4%2F%2F%2F%2Fw%3D%3DshujsfMlKjyvoeTirhUr5OB8Laif5FICMESjaw9m6tplhJz9H0Ub4KLvuVTVtNMxM9gbgbO1OhOiY%2B9vFcmm6Y5xnP%2BxUrejTmx0xvHRgYQ7cziUCSmBh3HF4O8tnTkWQNTPB2L65pyil8B0wBiXNZ8i30QtKP1mA7BYZPpxeJLexWvZfe2todmJfmpbNrXnqMp%2F9XPfjTZN93E2a1T98erix7jXt7MNVc9AIu4EfDZlNEwRr%2B3STfYHGn%2FB5b3e4L6rBz2SBZxaD8LAQ2pDM5Y9q0SROONsVXIBbmBf%2FWZrL%2Fowdnq7%2Fmfq67OVRzok0S5SJNLgIdS1XFCtZ5GETGGrvxZnwSzx1179SGT1cPeNtJphQBHk6ArjkfIoV%2FnSvG1fUqIZ7CTqeNBeEUiuIjRXHWM7gXKNzK85Lvu0ZShsulMSXmodDptJZCDmbU%2FWS8S21Oey7jc5pxS8BquOSqBDNRgebk3hlYyp7a3bInYHPU6pntGCurhu%2FV8uonTYh5X6MB3JdbnBohOi8QY2mskn1vNyph8Gg9uRXKqcL7JLDamim%2BTkfHK2Nuua%2BC5jEzBHRH7tcb2wuHm%2B8VbAgaa56bTYj56M0y2ex4JqO9S1Xc50eBITwugSNPH3Ok09sVpGw61BSdoQRvEGgfFlc5w%3D%3D&nvMid=29030496586&catId=50001519
Apple 아이폰 13 프로 256GB [LG U+],"762,800원",https://cr.shopping.naver.com/adcr.nhn?x=VuwzAn%2BzigJ7ppUpvBaET%2F%2F%2F%2Fw%3D%3DsvMX3eMWtxVjgwXX8ImSTVkLFe7Nj4MgnfMKUiUD51csbsBKbbjTB%2BBCjsLv6tz%2BjTMiy9gjd%2FOPrH3h5tNovND3B2vRDYdOuaaZ5cEwyN9p0g6A7UZHqeF7WqsEPYmxBbQar1C1VlD8JT49YYN28LUgAn8lD2%2BxrgblrBqYwPdWug%2B9sjA7rHdeMLkY%2BwIMUMJUr%2Fr5heP7x50dYzAAW6TQZD6UDT51Dg8nNb9lI8fV%2BFLPJmN7kd5F0maTGsL0cI5o5DwlNlgQJiI0B85HlXnGA%2BlPYS7CT85y9uZhO%2FCfffisv5tHfoGFh7RH%2BtSaOAFJNLWxG%2Fj2gEfGb7GroeHZEsrYphFCvWrWULwbii1cmEQeN8tERmfKTPnsnLtsDXDWTeRReOiaoO3w1jY%2BQmoPzJdSGWBt3WJVMEW2Iq0aAQ%2BNIqlmjXmDKTrrOSU2AQ5NpxzD%2BGh1Qsf3DjaBN7lca8pJnVAllZ%2FEl77tED7QUK8v2WSSGg1nP3KC3hzty8jR8gVF8FlQ9pItE8Zzc8t%2BNm%2BgROoVcKSaeIQmi4hhr12xmr30w7l0lsnx86C6i%2BgtF15PMkmjkNDmi88yMRe%2FunCOT%2BeXKB3euNxK5bFT0UbNk5di1V8jUMbmtHii%2FBq7h9PA5SrIXrcWPClBGWw%3D%3D&nvMid=29030415586&catId=50000248
Apple 아이폰 13 128GB [LG U+],"383,000원",https://cr.shopping.naver.com/adcr.nhn?x=r8SU1rfRodvAZ1LuJzEZe%2F%2F%2F%2Fw%3D%3DsQ4iPt5TVU2yg%2BtZrjh4QJJbBGmAFwLkfPXwtduFGgnFWQE1WikGGRjsm7ORTamZ7KPsWu10kPTZamSDc4qFe36nvICnJPqcucrMJhp5Xlez8ssvHo0zQzua4aXs9cfshIssyScONot8lxfehJY4iMEPg%2F6PYJW9LpCSumzPJoiiI9aZyW4hhCgmcrsQhWGWGwosKqTnb%2BAqxbJsu%2BamdqfKAXVfyDB1yTbVYYpYzcFnUHxlEatbmVq7jmztE%2FywsS34ZPNySSD1Ivr6oILiphIyts6gtAmOj25OLCdsjDpdVXemfpmeX70wC2wQT5nyi5pxiwDZPU40LYzhHX%2FcRv75PH6jKb9Az2ZO7lHKjswWzaLo3YojXuQJMvdaZ%2BI%2FyLqWgWd0hjfnomE3vy2MrU5rJ6waW0TBno%2Fk2vxy%2B9sexyTNOpvF5JKAAUscSxRXpjrModG8ApvyDh2g%2Bv61QB8Y7YlAvEakB77%2FCbXhDtrmhzDfp6Y5Zq42WobtISlGzbDgfm78NqUslrTiGuyy0ASv4J0%2FgWDCkk66O1wbtIzgRpOFzCbaM6OU97uoPifjrmYsqRE%2FKofRAFlXEy%2BGHX28Wz1GPpYwrAycIEN4Z7BGCqA6%2BrrPkSkQjk3bFq%2FUy&nvMid=29030372586&catId=50000248
Apple 아이폰 13 미니 512GB [LG U+],"479,000원",https://cr.shopping.naver.com/adcr.nhn?x=6fCmH8j6Z0Xomxvt0fVFMP%2F%2F%2Fw%3D%3DskusrJimYbvcrRJMTMsDrZSELKTDJpb4Fmb2MU1ihGDxhJz9H0Ub4KLvuVTVtNMxMIjTs2dZzmr9HuSrXfmUGoJxnP%2BxUrejTmx0xvHRgYQ7cziUCSmBh3HF4O8tnTkWQNTPB2L65pyil8B0wBiXNZ8i30QtKP1mA7BYZPpxeJLexWvZfe2todmJfmpbNrXnqmNCzWTrruETuuT6FCzP1m7ix7jXt7MNVc9AIu4EfDZlNEwRr%2B3STfYHGn%2FB5b3e4L6rBz2SBZxaD8LAQ2pDM5Y9q0SROONsVXIBbmBf%2FWZrL%2Fowdnq7%2Fmfq67OVRzok0S5SJNLgIdS1XFCtZ5GETGCqeZfiL8E%2BVvSlNeIwk%2BZ2d6PbPnc9RLVNJQhjAPciPH7RUU7G7711p3Of%2B6gz7pxreJIYRd8qjcPx8TYL0UHMulMSXmodDptJZCDmbU%2FWS8S21Oey7jc5pxS8BquOSqGl51FcFJ1Bcg0CVGK8K%2BzE2jlmQ9NlHBgdsAwMWaovqSZv9Z3vZVGXYiyeb1%2FD5s60dX8yyW1ns%2FeKQMTbc87kB43Vpv0Rz3OwcOiC51NM%2BuVccoexEXPaKmu235R38NwL5mMg29HuqqFqsTYghbD8DfkLIyuldBS3f8m8e6nLmzUhNzs2VE%2B%2Bisqs3JAEppg%3D%3D&nvMid=29030419586&catId=50000248
Apple 아이폰 13 프로 맥스 256GB [LG U+],"1,002,400원",https://cr.shopping.naver.com/adcr.nhn?x=LEO%2B9%2BXTYMwcTXRzzABwwf%2F%2F%2Fw%3D%3Ds%2FYkEV2LLtaxhmccF78oITWZpOnLDo2NeO1%2FuWSUUTUMbsBKbbjTB%2BBCjsLv6tz%2BjgAYaqIhtS0AaJ%2FVOj9ZPJlS42F1O01HP6RiQaKn01H10g6A7UZHqeF7WqsEPYmxBbQar1C1VlD8JT49YYN28LUgAn8lD2%2BxrgblrBqYwPdWug%2B9sjA7rHdeMLkY%2BwIMU0nYCIitiLlu%2FFmiEv68MvzQZD6UDT51Dg8nNb9lI8fV%2BFLPJmN7kd5F0maTGsL0cI5o5DwlNlgQJiI0B85HlXnGA%2BlPYS7CT85y9uZhO%2FCfffisv5tHfoGFh7RH%2BtSaOAFJNLWxG%2Fj2gEfGb7GroeNFsbvPUMOxF7LwTxeKh6uVTXZWmx7PRULYicOO5AS6MXDWTeRReOiaoO3w1jY%2BQmrs5DaD3P0PqOelcL1TVfCCAQ%2BNIqlmjXmDKTrrOSU2AQ5NpxzD%2BGh1Qsf3DjaBN7lca8pJnVAllZ%2FEl77tED7QDAvFUWcQ2OHIyCM%2Bq1sGIGclVz%2FDAcedT3HbTBbbLwStrndW%2Fn2cGD1NJ%2Fsy3znV70bovEU1UxF3QK%2B1d9uAVT8AlxSYkXaLH96LNyv1p9S6zeBVuJ%2F1kiunwa7a4AQIhIB2q2blG9LuVYLhkTEcczY6of2Xpggjm6A4Z8HgJhg%3D%3D&nvMid=29030190586&catId=50000248
Apple 아이폰 13 프로 맥스 128GB [LG U+],"899,200원",https://cr.shopping.naver.com/adcr.nhn?x=pYTnhwWkHlzMLaeqP7tNWf%2F%2F%2Fw%3D%3DszonYMsbkzwXZkDeSCfgvC1EFMMhoX4MRZBAd6lHbCyphJz9H0Ub4KLvuVTVtNMxMUwgLBFEoNI5g0PVOEcb%2ByZxnP%2BxUrejTmx0xvHRgYQ7cziUCSmBh3HF4O8tnTkWQNTPB2L65pyil8B0wBiXNZ8i30QtKP1mA7BYZPpxeJLexWvZfe2todmJfmpbNrXnqW6RWFOvR2FN0g9uRh450ELix7jXt7MNVc9AIu4EfDZlNEwRr%2B3STfYHGn%2FB5b3e4L6rBz2SBZxaD8LAQ2pDM5Y9q0SROONsVXIBbmBf%2FWZrL%2Fowdnq7%2Fmfq67OVRzok0S5SJNLgIdS1XFCtZ5GETGEh87ynyr5onCqdq43y85tx1e64%2Bxq2BhT2J3aNN%2FwB9H7RUU7G7711p3Of%2B6gz7p8Q15tq34bHUzztjQtYhQd4ulMSXmodDptJZCDmbU%2FWS8S21Oey7jc5pxS8BquOSqB9aPs60XaAs0yLnBVw2nho6c3LzYb1WUhQ7KL%2BYXh9qmlPajaisdEHNdTMLgTpRZq2qPKkuIX8VWQpeVrSnfWcPPx3QBdJNcqNF1mn1Ybr2YnHIcETcJifOE8sb44IMxbkO6B5GAOVDH6wAsS85qP9NYtJyxF4wR0ywNgTtj%2F%2BTDhLBwu%2FFQS5xWYf5w6G3jQ%3D%3D&nvMid=29030352586&catId=50000248
Apple 아이폰 13 256GB [LG U+],"502,000원",https://cr.shopping.naver.com/adcr.nhn?x=kOWArUqcFQnYCh4OKb3k7v%2F%2F%2Fw%3D%3DsP1canT%2B7Bb2ViW0fkbJcaE7u%2FyvnkSqknLcfFQnqEUcbsBKbbjTB%2BBCjsLv6tz%2BjJjS4aozKLI2ma64UsN6syBOdeHzsEq%2BE%2F44pckZM24h0g6A7UZHqeF7WqsEPYmxBbQar1C1VlD8JT49YYN28LUgAn8lD2%2BxrgblrBqYwPdWug%2B9sjA7rHdeMLkY%2BwIMUOYQbPHRk7gx3HlPTUxI7DDQZD6UDT51Dg8nNb9lI8fV%2BFLPJmN7kd5F0maTGsL0cI5o5DwlNlgQJiI0B85HlXnGA%2BlPYS7CT85y9uZhO%2FCfffisv5tHfoGFh7RH%2BtSaOAFJNLWxG%2Fj2gEfGb7GroeA82Ndxq%2BNff%2BtuvgPB3sfy6shUs2%2FbnFOj%2FCAdRZxe5XDWTeRReOiaoO3w1jY%2BQmrm62DaM%2FjLbn%2BZTCIGeAKvCHJicsJEeUMpeBKOSffdWQ5NpxzD%2BGh1Qsf3DjaBN7jJp7aAnvAxQdVBqR73lqivpLKfV7lHXkGfYNhWiUOPtINRw1QNF%2FOPJXb5%2B358LYP%2Be2TDkvPOorD9tC2Byki3vW2q1ZBpuV%2F%2FvtKUgTGHncrgqznHMlepOsBrcyCOp4qy11wYiKb2wfEd5Ml7ViGHHICEQpPL7Rm%2B2fyhjEhHR&nvMid=29030189588&catId=50000248
Apple 아이폰 13 프로 512GB [LG U+],"1,112,600원",https://cr.shopping.naver.com/adcr.nhn?x=zAliXXw6ygZI7vSw7X48o%2F%2F%2F%2Fw%3D%3DseE7sptCghZxRjgWtj6%2FGDOpNCh2OxbJurxYoa3kgXHwbsBKbbjTB%2BBCjsLv6tz%2Bjj1%2FFnU24yD%2BICaUAmZSZbhOdeHzsEq%2BE%2F44pckZM24h0g6A7UZHqeF7WqsEPYmxBbQar1C1VlD8JT49YYN28LUgAn8lD2%2BxrgblrBqYwPdWug%2B9sjA7rHdeMLkY%2BwIMUmRDWhNotjbnuwU%2BcfNUqnjQZD6UDT51Dg8nNb9lI8fV%2BFLPJmN7kd5F0maTGsL0cI5o5DwlNlgQJiI0B85HlXnGA%2BlPYS7CT85y9uZhO%2FCfffisv5tHfoGFh7RH%2BtSaOAFJNLWxG%2Fj2gEfGb7GroeAzHkYMTlMbYkzxmK8unzxQiGTtLG5p%2Ba%2Frf2uaeAw%2B8XDWTeRReOiaoO3w1jY%2BQmu8LW2LtSMAv5DT9q6KyXO2AQ%2BNIqlmjXmDKTrrOSU2AQ5NpxzD%2BGh1Qsf3DjaBN7lca8pJnVAllZ%2FEl77tED7QddIpsj%2FfZpwzvHXHrDIg98jR8gVF8FlQ9pItE8Zzc8jolyQXu5EyZkFYupR3A6sBywKp%2FnNfEgPXhnpWIU8Gkjr%2Fvhuz%2FM2bOeEg7k3nONf9gWBaXzyLtdTApsOw6BkvmIjcXtWMiCxjBN4Nc5dhYQdAiJdwXirBRdnaxfvrBbw%3D%3D&nvMid=29030295586&catId=50000248
Apple 아이폰 13 512GB [LG U+],"902,500원",https://cr.shopping.naver.com/adcr.nhn?x=BlkoffulXS3Bcv%2BPDV9HVf%2F%2F%2Fw%3D%3DsKdnhC0mWyWrXxUOuq1R4cReddPDX%2BffhqEiSGmmvRp9hJz9H0Ub4KLvuVTVtNMxM8oeMSCXafawsbI68kvOJX5xnP%2BxUrejTmx0xvHRgYQ7cziUCSmBh3HF4O8tnTkWQNTPB2L65pyil8B0wBiXNZ8i30QtKP1mA7BYZPpxeJLexWvZfe2todmJfmpbNrXnqJg934XoEkbAciqCMIan0C7ix7jXt7MNVc9AIu4EfDZlNEwRr%2B3STfYHGn%2FB5b3e4L6rBz2SBZxaD8LAQ2pDM5Y9q0SROONsVXIBbmBf%2FWZrL%2Fowdnq7%2Fmfq67OVRzok0S5SJNLgIdS1XFCtZ5GETGHopJ1Io4jpO5SOWjIYZ2RB1e64%2Bxq2BhT2J3aNN%2FwB9H7RUU7G7711p3Of%2B6gz7p5QIt58Vv2GBgMmfT5c9OaMulMSXmodDptJZCDmbU%2FWS8S21Oey7jc5pxS8BquOSqGSOA9t8GUmkhelD4RBTDkX5YbLlxragaaIQX6kJDBj8D6QkZjCZcMNTR4jeTmX45bu7QW%2FYPq3jlEpyId4FHVsNauEcRynSn%2F8orOK7nc90ZH9b7LNmn%2FWMVjpr8uyfXWAnM2VF48BqBaXHnmX3%2BRfLVWGr8fvvH1mWvUgXPK6j&nvMid=29030296586&catId=50000248
Apple 아이폰 13 프로 맥스 512GB [LG U+],"1,321,000원",https://cr.shopping.naver.com/adcr.nhn?x=0dpLfp3SEkF9o0uTvTVCJ%2F%2F%2F%2Fw%3D%3DsAUMvxgDdYzWlmGm81r1uN3pLUEzh6S0CaoBb2MQTAmthJz9H0Ub4KLvuVTVtNMxMMErdzBlGyTiRtjXzPv3llJxnP%2BxUrejTmx0xvHRgYQ7cziUCSmBh3HF4O8tnTkWQNTPB2L65pyil8B0wBiXNZ8i30QtKP1mA7BYZPpxeJLexWvZfe2todmJfmpbNrXnqC8G1K0WqC%2BMx%2Bsb%2BJ3EYX7ix7jXt7MNVc9AIu4EfDZlNEwRr%2B3STfYHGn%2FB5b3e4L6rBz2SBZxaD8LAQ2pDM5Y9q0SROONsVXIBbmBf%2FWZrL%2Fowdnq7%2Fmfq67OVRzok0S5SJNLgIdS1XFCtZ5GETGAjmlb%2B15R%2FlzWD71BOiebnJxazdOMMdW%2FhzVKqxe625H7RUU7G7711p3Of%2B6gz7p7bNZP0%2B21KUHcaeVeerOeoulMSXmodDptJZCDmbU%2FWS8S21Oey7jc5pxS8BquOSqB9aPs60XaAs0yLnBVw2nhrD5vQDu2cP7%2FfJMpL9wmHsmlPajaisdEHNdTMLgTpRZhjq0%2F6db1IzRS1vt1JNKos5QDESXi19u2EFZavG1c%2BZiA3%2FU2AzguC84AnoS7Lq%2BY26gj2DqAr7dg2Y4QUoXZ3m3FuPHnoZWY59BRMddYUahWw3%2BIByOa0jCVNQVnCDoA%3D%3D&nvMid=29030181590&catId=50000248
Apple 아이폰 13 프로 1TB [LG U+],"1,426,200원",https://cr.shopping.naver.com/adcr.nhn?x=GLhHNfkQqb%2F5%2Fs6lAly73%2F%2F%2F%2Fw%3D%3Ds%2FtnzQUGkoFcv30d8icGi0AhVoHPaSbVTrO0pqawcLhdhJz9H0Ub4KLvuVTVtNMxMTZIpbG%2BsOTFc3J0HXTtWdJxnP%2BxUrejTmx0xvHRgYQ7cziUCSmBh3HF4O8tnTkWQNTPB2L65pyil8B0wBiXNZ8i30QtKP1mA7BYZPpxeJLexWvZfe2todmJfmpbNrXnqXjTaYLCBU0RKnrlIKcfhorix7jXt7MNVc9AIu4EfDZlNEwRr%2B3STfYHGn%2FB5b3e4L6rBz2SBZxaD8LAQ2pDM5Y9q0SROONsVXIBbmBf%2FWZrL%2Fowdnq7%2Fmfq67OVRzok0S5SJNLgIdS1XFCtZ5GETGBGF0yre9CPfCN%2FxC%2BVRY6wxi1OrPZ30CUsHWrlC3gXsH7RUU7G7711p3Of%2B6gz7p%2FY%2Fql%2F0mhQoQsenoNjDXsMulMSXmodDptJZCDmbU%2FWS8S21Oey7jc5pxS8BquOSqL7TYp%2Fq8N0dYeLWf3iUY%2FFCJ%2F0P0zUbWoKtYr5Bg%2B6rV5wvSck0MfgYLl2aZJDmmg8N%2FJQJ4Uo%2FxhP8JClIMqEP0iJ%2FXR2nc%2BxqH1kwSFRBENhIgRPMYNFcTSqPHgE9TA7aG0GYJTQs5qRZ%2B0xNIexWhZ3SMHTcLlpircdRzUgq1JIslBmdxaTx7xO1%2BPPoWw%3D%3D&nvMid=29030294586&catId=50000248
Apple 아이폰 13 프로 맥스 1TB [LG U+],"1,580,200원",https://cr.shopping.naver.com/adcr.nhn?x=X2Lg0JbG2gGilcda%2BrLJMP%2F%2F%2Fw%3D%3DsQId5w6977rHw4WL9RDku1qob346F4%2FYiDAkI%2FOjnnhphJz9H0Ub4KLvuVTVtNMxMOA6b%2Fu9M6Gp7umK3TdoFy5xnP%2BxUrejTmx0xvHRgYQ7cziUCSmBh3HF4O8tnTkWQNTPB2L65pyil8B0wBiXNZ8i30QtKP1mA7BYZPpxeJLexWvZfe2todmJfmpbNrXnqtEOmvpx%2BMqvJh%2Birm3Rmqrix7jXt7MNVc9AIu4EfDZlNEwRr%2B3STfYHGn%2FB5b3e4L6rBz2SBZxaD8LAQ2pDM5Y9q0SROONsVXIBbmBf%2FWZrL%2Fowdnq7%2Fmfq67OVRzok0S5SJNLgIdS1XFCtZ5GETGDNmTioLHM84hJOx5yZo5mKQlKoTW7oBR5S4e5%2FFeRPiH7RUU7G7711p3Of%2B6gz7p8Edn6fRsPh6AKjdSUdxZdMulMSXmodDptJZCDmbU%2FWS8S21Oey7jc5pxS8BquOSqB9aPs60XaAs0yLnBVw2nhoUA%2FVFLjHlAY33ZWYItz8yhOBUHb0ZqO6MTkr8MsJnIRt%2F8fhw9EkKOk7Vg%2F4lkeZxqvVid6FvV%2F7p949y2gxxEaThcwm2jOjlPe7qD4n46yjzk3m0EmJPjNCggWdrBA2ArY56r3rfHIiuS0o1K%2F6BgqgOvq6z5EpEI5N2xav1Mg%3D%3D&nvMid=29030181587&catId=50000248
애플 아이폰13 미니 128GB 자급제 미개통 새상품,"749,900원",https://cr.shopping.naver.com/adcr.nhn?x=92LaXtCmYHVtAUonfVG7Wf%2F%2F%2Fw%3D%3DsaXj4JKtY3wcNyPraqOpnPVH7WBGoeRv7YGUBeJj%2FYpRhJz9H0Ub4KLvuVTVtNMxM2ZXZGTutRB3hKIzg%2Ft%2B2ZZxnP%2BxUrejTmx0xvHRgYQ7cziUCSmBh3HF4O8tnTkWQgWnUVEYPVX%2FLl3ZB%2F7WsdiS3wIiOr3YtmM%2F3i%2BtSjwsecXWF1oTp6yntjphAHq0gJnOGC4HAhQ%2FXm0DuyiyG%2BjYVWLHDIo%2FSfS0hpZFFt7fEeKKKcK%2FOJPJqWTSff3tPal4oVSFtXynR83lGsOd3GJc4wEUpspSCgew1UbKtYn%2FZk6p5smUwDAjvxAyAobNYYyOdB2cv3C1dnUsj0EtB4RCGSQdcrj%2BZJHLmJxgT%2Fbv%2BEPKJdnzomj5kRDrgFXrZFfQanPu%2FypcxvzpZI4ZsWX%2BUucnAxrsG3xHb9QOpCsKLYMudw0xBp1h3qLUbN7uU3vidg5K6vSDeYHcDYMF%2B3gdzROVXKj70AsCVBVNDMr%2BgUm1RdNanJXbiYgU8s4G%2F4queKyUC675c1cGf9iqHc7kzlTj3HjJcTuAgCr48Do8doQdD7z4VTZnGHOZl9gKWXHwn38LHbG5qSKOBbbgLbysHe1x1CnLah6TeQ4qDI1r0I3%2BKyVeUCuENrJ7Vsoh4bq5LOYu%2F4wpB0Ib%2BVsfKaVEZDfOpbB%2BmziKGTmJnV48OEsHC78VBLnFZh%2FnDobeN&nvMid=30259566047&catId=50001519
APLLE 아이폰13 미니 128GB 미개봉 미개통 새상품,"728,550원",https://cr.shopping.naver.com/adcr.nhn?x=QyZYXiQKOcqRCBmp5BrLJ%2F%2F%2F%2Fw%3D%3DsKrVOsAEBkq8TM1Bo6wJ27wRpMY40gjO7lY0wZTN1sN9hJz9H0Ub4KLvuVTVtNMxMIVnqRPjwzgMkX41DS%2Fgge5xnP%2BxUrejTmx0xvHRgYQ7cziUCSmBh3HF4O8tnTkWQNTPB2L65pyil8B0wBiXNZ7DXn0IDLBCgN%2FK3%2BGwmqM%2BpFjjh%2FGPU%2BK9K7OXF%2BaHk0eX6N0xSuoVW6n8HgFyAb2xarqDC0KIakHBKgbiNqPlmpS17kZGBCQOY0Dgp%2BPvMpnJdabBXNHfp7o9fTLVUGDkrJsD%2BxslnIbtSbMjuMWOAbCY81f975eS5nfR25FBiP83WAv8GAIoQ0MwLPWeb%2FQmdhartNjoXM0yuNvGuGeEelr%2FjFuw6wZIscCuBmDj%2B%2F0X8gFBBhr6rnnTk5Nq2rGOnLES3PnVjv21jOvhDJpAiuDFR8NqNhX296VmFLhDHNNCJ3XxX8gb8x0OQIyMOzZzYoj3slmS7vA1eQERRQ2aQxwMRPn8z1CFT%2Bgzilerv3MWsvX7g03E2ehQuOqzPOdM6TL8Oe6uPSeGq8om1dm2I3uePfa0M%2FO0ta4wdiw9nZTc3SRYJKEdTDi92W%2BhFhcd9nUgLHHCLklg5A9dZTjqZLZ1pwDwLPnhnSIi4dphGV3OdHgSE8LoEjTx9zpNPbFaRsOtQUnaEEbxBoHxZXOc%3D&nvMid=28956794174&catId=50001519
Apple 아이폰 13 mini 자급제 128GB 핑크,"901,030원",https://cr.shopping.naver.com/adcr.nhn?x=24T3y6V6skbgTjFmVQRwm%2F%2F%2F%2Fw%3D%3DsRLPtGdk0O2yopk7HxlTMxthzwqStXkOnb3nJ63SDcR9WQE1WikGGRjsm7ORTamZ7wl5yIYw21u7L7PmxIbU0OKnvICnJPqcucrMJhp5Xlez8ssvHo0zQzua4aXs9cfshFFsd8V7K%2BaxcT%2B9bqPgY%2FXzmYN%2Fcvl75AGnByk2TjWEm5OY6%2FBA05LWPXaqTF3xXnI3Q%2FuFm111yFJnQ1iq5BxkZ7hw%2FtxVhT2jrdwZs57wJPQD%2BGLQoIkQRnNz4Vp4jGT%2BYqGKfXlxPjCrZN8GTgpBP%2FX5SqWs%2BXBdSekP8W2mZT%2F3nlaA6HfbPL6bEQ4UtOSsmwP7GyWchu1JsyO4xY4BsJjzV%2F3vl5Lmd9HbkUGI%2FzdYC%2FwYAihDQzAs9Z5v9zGURSg4L6MgWqe8YVOnLtSCEr1xyY6GFkSu2GoxIDF3%2FRfyAUEGGvquedOTk2rasDePfbLP97erwKG2A6GC81vMfo3nPGqzdI1bbGwzcRzMHs7fDUF3hntINts72qVF3OmJZvzC6vjQ2etE4Mw0VKHAro4SZPFZO5Ff9Dw061B8L6nrfebnckJCqgqS%2F1UnIEHGGZJFtrKILQprUmOkuscbSMFI%2B0gm%2B5XDl0cm0ZSeNVnMRAi3IDwXCmkzhzmudY00z8Od7Be%2Bp0knXhzIYms4iPWwcc86GlDaCu34nzDxB0CIl3BeKsFF2drF%2B%2BsFv&nvMid=29619937553&catId=50001519
아이폰 Apple 아이폰13 미니 128GB 구매가 24만원,"246,000원",https://cr.shopping.naver.com/adcr.nhn?x=%2FXFHOswaN5vdtV4%2B8NTdgv%2F%2F%2Fw%3D%3DsqmCkRlbGS0zYp3MQe33eFCzZaRRc6HVCisDRArMVLNphJz9H0Ub4KLvuVTVtNMxMz7dwsa%2F%2FQSsFOqTbH7liHpxnP%2BxUrejTmx0xvHRgYQ7cziUCSmBh3HF4O8tnTkWQgWnUVEYPVX%2FLl3ZB%2F7WsdofsjsQob2Ne0L7w9JaI7kin0b%2F5UhxhZOSwwPJ7NL%2FBq%2BwCWpxKyY5gBvXUiP0NE7AfPxaUpdV6ujrwfsArO%2FCXenVPv7Bwxcb2XFwqL5w5hmeWtJmvw8M90EK%2Bzy5a1yVdN3LpKf%2FbKuiZi7z1XJSgxcVD7iXcFAppkKPvSBAnz2DKZ9BPHlh2zoXf%2Fkj%2FG9h70KxtauexuiiD73hEv8hII0Z3pg4dyD2AoPBBQXqP7%2B547Fxy5J1F2ejbb1f1%2BteqdF7nWbclhZmqjtkOMX0NZRwoBhemM%2FQQwlL4tYFNCbTBX7iX6atP17XBSATuTGLwX7nsfrUClgkvV%2FBeLYsL6nrfebnckJCqgqS%2F1UnIruutVg8xmQeOT%2FyLdBH6Qrk9yx2LE4ozzid%2FD5Tsgrqux3VgwU%2BJATCB8TKNQYUTfOMT6puTZfJbslpTQkuKD29TZjqEQTAbFzUBl8432wvhVEAf6wwM5tqtSh0bB5Hx&nvMid=29860284145&catId=50001519
애플 APLLE 아이폰13 미니 128GB 미개통 미개봉 새상품,"698,190원",https://cr.shopping.naver.com/adcr.nhn?x=T3X1znQYTOB2luTDLhEHh%2F%2F%2F%2Fw%3D%3DsU2x%2BL%2BA%2Fd6rVLb1Qzghk0JvwW71PukKeb2767zLofcthJz9H0Ub4KLvuVTVtNMxMT4jtx7uQ6JB8gZz%2FOEng9pxnP%2BxUrejTmx0xvHRgYQ7cziUCSmBh3HF4O8tnTkWQNTPB2L65pyil8B0wBiXNZ%2Fu6oAkTGETHMs8EuiNceQsy9%2BfugblMuxXdn18ryz8FpABVki6kdltjfWvVvWOooGPD97GqPfAffGOXXpu2dBccCEYXDIwfFBXMFGjPv5FkywzmTmRvGD%2FgZYTjyHvRo3rTXr7Kn13ziv%2BL7HuG0pJthTvU%2F05au0wXf8ba3f3aI%2FCIvq0%2FrQmHPOqXnx2nV4yts6gtAmOj25OLCdsjDpdVXemfpmeX70wC2wQT5nyi5pxiwDZPU40LYzhHX%2FcRv5bppvZqbM0r6AO0fc4wImYdFpV1Eg5YfvQVVa4NIvaUG1fUqIZ7CTqeNBeEUiuIjeM1gxhiWhwr6IanT2lF6J3N81WjUpxJVJrN5mDsz4BpkWmYtokGyiT66H19zj5DzDvFtsfuhjlOOIY2Pi9tW6TOdA4JCZBCXb163rlnFeRGnV%2F3tTaN3o4%2B0RfveE00nObd7IPwVdH9ThzIlmabD%2Fe%2FoPQhBphaklZu5azJJlwCkWJ82H7x86L%2BJ5J3XlX0E48GKY8NnA621mNyvBRyVn2bEljgzvp4Kjn24uIH7%2Bdj7G%2BQeACa80GlaPVCbK0FimhopkeKUdu5q4dSKA0zkoA%3D&nvMid=29797964079&catId=50001519
Apple 아이폰 13 자급제 256GB 핑크,"1,192,130원",https://cr.shopping.naver.com/adcr.nhn?x=DLaJ2REq%2FFQFiMnkEF5LFP%2F%2F%2Fw%3D%3DsL3hh1tFcGfRCaCeOP8LuS7nGbJSbn3OVJGgpPM5ybwAXfmlaZeQqomjdtI9e3qsmxkIWAHvfN9VdDPXhKEsFyr%2B3a7ZRKwdOjXUNLjzBleOkwC3BZ1Y75rdYyDHHnOk83VDBUslhUSMgtM8iPd%2FBJ8FHZ6YjirkEyx0YsOhRCZckyuYW9oo962E4ptNomafyXZKFBRaDzCdwBv8PKcQ%2FEO4jhB7%2Fdw2WgWZlPgC%2BxZGzZyKpHgm%2FisriX8Dpdud%2FOi74eZTkfzzhXASIe7usyJ1ZRe9lPLZ94n1RoxAMggwJGFTw5WGgEDVAS1TFhqoKWDuAJuqZbGlx0juudI9chT9rXyqENDUD8omnd%2BAEOivf3Vb8LXDlJWzaxi1N0VJ6PgFazKPe9AgtEQogr3nxMqzDM7ANjP%2FyDb8R%2B0qiZOnjYL9zupFN69A4V0%2FYKWCf4MlktmndSczMliwKTyQXG9d3Axm%2F6yNo6r9oiUqfo%2FYki5qv%2FDcSivfoquteaXx80TcDQAVPcvqMlMqCqeEerVCOuBzW9w2ABW0wW2%2Ffo1GVN3wN%2FkmQufjgmHGp4jvRJs2%2BnwvvKqroED2hPpPEvC6CIOHlLyf7tFzQx427OB0AunweFOuPxbsZ%2F%2BKrXhyfOrcj5hosFT7NZLSQq9EQK%2BR79U%2F6Az3gE9mQ%2Flgn57E%3D&nvMid=29064755783&catId=50001519
Apple 아이폰 13 자급제 128GB 블루,"1,056,330원",https://cr.shopping.naver.com/adcr.nhn?x=CC%2FquAFrnL%2BLMiMhkjLXif%2F%2F%2Fw%3D%3DsHJxA3nHLlXDrqCLTns4B0qgj5cecMjrTc3JMXUyJ%2BIdhJz9H0Ub4KLvuVTVtNMxM5TBZfdNEuRC%2F8o1jN69JV5xnP%2BxUrejTmx0xvHRgYQ7cziUCSmBh3HF4O8tnTkWQNTPB2L65pyil8B0wBiXNZ23JzeXxkSdTecfUR4%2FvRQjd%2BKwjnmE8nmku4yNhWgwhmfLAARyRl0caaiEG3Q2bqyz6dcaQz9e%2ByYAHgK2%2BPMo47rUI1KGNvNa3fmjQmhl5bSfgMmFF7VTwhVMNFNU0PaK5uUEs%2BqMGnIyvfnClDLAVW0RWkGQBxsNAmIBwMWI4QbaiPvGQigoJSbVeDtOkbcOmY27ZGze0Q%2BtXRlM4OxtarJoVrbEtunAYIkKGowOqy6vCQR2JXv9%2BEnJYAPjn5BWaWYkTj7xp9KvzGz7%2BZegbV9SohnsJOp40F4RSK4iNrba4xp7cBRfwKU69wD765c3zVaNSnElUms3mYOzPgGkTFHVfVt6irmg4aToR%2FDWxydK6opBtMAWBXQumNcJVNUq2VxTe3kK3bCkFS9dLsEAfksuHl5HZ5LZhnvs9wZ4v5rB5wC6KukMlAh9Jp1WHPLEdjE7hQyVI3Ilh4PkIt8D97kdtfalzRgAiMv0gWhkqL1xXgtZX0DI80lZv4SHQyCVgp8BOWxGN%2BpxKButV%2FLAGruH08DlKshetxY8KUEZb&nvMid=29619782067&catId=50001519
아이폰13 프로 128GB 자급제 새상품,"1,118,880원",https://cr.shopping.naver.com/adcr.nhn?x=xXajX%2FrNafgrseiADWz0bf%2F%2F%2Fw%3D%3DsE4qkBwj9i00JPOqQgzwRgPYMKMCiFEJJ1wb2j2eBVZobsBKbbjTB%2BBCjsLv6tz%2BjmosY8ZJTcAHqtLaDdmaYA00siSXoDQU2KfXpGw%2BWWOd0g6A7UZHqeF7WqsEPYmxBwuuZbQb23hKYLmrTZVN8ny8ffQLw1x%2F8Lf5s6Y8TBIHXkj%2BZW%2F1lJfgqvRvZaBhRHobLqCowvZoMHdD09Yl1vwTxfdDRiGo9y3sn9tRtaukVbwc%2FDtkNE3jn0IbWnq1zQbaiPvGQigoJSbVeDtOkbcOmY27ZGze0Q%2BtXRlM4OxtarJoVrbEtunAYIkKGowOqxAMN1wULZziF7dT00u2wBQYuKFzT80XaODjRa7UOlZphjJCiYA4JHC9pe%2FgFTXe%2FX3IXLhyL6Eg2ScHvtMK9El5ezwmEqvXD99NCiDaUaKSL1VE4%2F2nYHlBcNUbZ2CpR4queKyUC675c1cGf9iqHc4bD0lQ0LOc6bS2L%2FdkB%2BXg3kNIxcl7U7y%2FX3DpJBh0rkBk33NEc0DfQXIFo8V3GoGU3N0kWCShHUw4vdlvoRYXYB38Cu26A61Q%2FzZE%2FHlf8gbkLl%2FO%2FnNu3i9LVijnZ4ldznR4EhPC6BI08fc6TT2xWkbDrUFJ2hBG8QaB8WVzn&nvMid=30078558865&catId=50001519
아이폰 13 자급제 128GB 핑크 MLPH3KH/A,"1,046,727원",https://cr.shopping.naver.com/adcr.nhn?x=Axfa6c6yttvQTvWBw0DeZP%2F%2F%2Fw%3D%3DskrviD5OF8oikOIKsTiGzYg3bdcp8TvKftkJHWjGhopgbsBKbbjTB%2BBCjsLv6tz%2BjP8gowwRYackIWi6oDnOUJLVTxOZCaZIGr%2BKhPqZaJop0g6A7UZHqeF7WqsEPYmxBwuuZbQb23hKYLmrTZVN8n3CmjomTCfccIxWbx2Xshhmig%2BHNPcXun0BGYcBoypJ8%2FjFdrkpzuJsCSZcCb2m1S5022jDzndHaTQni21kAxWQqs8FI7PXXYjZcp%2FrPY3q3ttL9uhYa5SgY92RIBZWuA%2BiJ8jnPow%2BWIeXEKAVwjUKoDKbPxBMufbCY7j5tQrD6ZXOj9WGo5ybPz0ODFj%2FgO8HPv45Edr5fvvv%2FlTzZa4VEOnKSk6pZmBmpZwGZXBENk2olNm628rqcKGjLiSnvfpUpTe0jsvKpdqKyxdajAW5Lqcqiq26vqIZKGrP1ToVuhgA1Gl%2BCHqv6rRjew6Q%2BeXk8bMEqY7ZpcvcQSdtkMpgqMSU%2FYkuOwZZ9j9wMhO5sCmXFJ9LHTzWYkVLnjr8ijK9vBENl5ck3cGUIWfiN%2FoIJYGePnnItCuWcqZoy9z1LsYQK0dpvZm0ns6uBHUud6MKR3YKlD9qGAl6gX9HvZO6ECfGojk%2Fdi2VuV3qqiarnMlcKWHuKKHP%2B17UGsxgrOVaFndIwdNwuWmKtx1HNSCrUkiyUGZ3FpPHvE7X48%2Bhb&nvMid=29609866919&catId=50001519
애플 애플 아이폰13 미니 128GB 미개통 미개봉 새상품,"748,900원",https://cr.shopping.naver.com/adcr.nhn?x=TWQe28%2B3CmR8wlUBrJ%2Fepf%2F%2F%2Fw%3D%3Dsz454VP0BAZvOGP5K75HDGGRu%2FibmSNFHLHQcUgpEy8dhJz9H0Ub4KLvuVTVtNMxM05Hr5lgL19BVrOtyR0vHUJxnP%2BxUrejTmx0xvHRgYQ7cziUCSmBh3HF4O8tnTkWQgWnUVEYPVX%2FLl3ZB%2F7WsdofsjsQob2Ne0L7w9JaI7kin0b%2F5UhxhZOSwwPJ7NL%2FB4YgjNjpptmE1aHMdUrlZTzJ0h26N%2BL6c27rHrO5D%2Bk6XenVPv7Bwxcb2XFwqL5w5hmeWtJmvw8M90EK%2Bzy5a1yVdN3LpKf%2FbKuiZi7z1XJTsXwsVpi6ZMlyLnmMMq4QkD9lfvcP4mwEIe9RM94Bc29h70KxtauexuiiD73hEv8gz2MFVL5QfJ79%2FUg%2BlcZafKq4ddbehsIn9UXEfsne5XGM6p6dA53AXWH1N4sA8aym4SQFFVtotOa7WWO1vpH93mtNbpCtVQJOW%2BVYCbpdM%2FTI4fEQmp0aDEwHhk%2Bk%2BqrE7pQVzBu1lVDTRj7Meeu%2BXzOvGoSLrLA4hkDH83nA4Nc5IkFSzX5NHM6d8xF3xi1TL07boOLwoxL6IajskM%2BfZe1%2BqTmTyA3Kq%2BzN1xvmXtGVd4WiQC2sU9vY00yIgb%2BbNjqh%2FZemCCOboDhnweAmG&nvMid=29372181289&catId=50001519
Apple 아이폰 13 mini 자급제 256GB 스타라이트,"1,056,330원",https://cr.shopping.naver.com/adcr.nhn?x=Wn4mrFREqsqBYeX%2B6TXWHv%2F%2F%2Fw%3D%3Ds0orf71gSwvbGCkEeiCPqxl1x8O%2F9O0zqnfe%2FdSCU36xhJz9H0Ub4KLvuVTVtNMxMU0tBKPGD94Xp3TRTDetIkpxnP%2BxUrejTmx0xvHRgYQ7cziUCSmBh3HF4O8tnTkWQNTPB2L65pyil8B0wBiXNZ23JzeXxkSdTecfUR4%2FvRQjd%2BKwjnmE8nmku4yNhWgwhmfLAARyRl0caaiEG3Q2bq9D4xCf1yKuZGZlWoMqRNxSMe8FYthkPobGNA3JnvaJZS2kPTbBElyXuNH3IhEjfwKK5uUEs%2BqMGnIyvfnClDLBJG28IsNXpECyjZ7zcq2V6QbaiPvGQigoJSbVeDtOkbcOmY27ZGze0Q%2BtXRlM4OxtarJoVrbEtunAYIkKGowOqb02bgCc%2B3PzEPsoJ7Ado1xWaWYkTj7xp9KvzGz7%2BZegbV9SohnsJOp40F4RSK4iN%2FvydiOUS0VAWaIx%2FNtRcNc3zVaNSnElUms3mYOzPgGkTFHVfVt6irmg4aToR%2FDWxGl0cwMT9EKqrmdNslRhb83K5Uc6F8DVaEv48jJTiUVOhbnS4cQG3z%2FN6X%2BTdBl35D08EF1vCEEnyhODcLwsO6h7mFnIym58J0cEBAwlx4nnmELFO07QEQYUyi%2Bk709RTkdvU8XrO6txUMjtIG4RHzgn2wP4a1oxN%2FsVaKRbdG6BvU2Y6hEEwGxc1AZfON9sL4VRAH%2BsMDObarUodGweR8Q%3D%3D&nvMid=29056389772&catId=50001519
애플 아이폰13 미니 128GB 미개통 미개봉 새상품,"728,550원",https://cr.shopping.naver.com/adcr.nhn?x=%2FCEVdfegVigAG2PKDU4ZAf%2F%2F%2Fw%3D%3DsEZxZq2TJYekATN%2BieJ6n6TRD8BYiSLnR8zx2Va7QidxhJz9H0Ub4KLvuVTVtNMxMFJ6p9wxC0Cm8zlOfzduKOpxnP%2BxUrejTmx0xvHRgYQ7cziUCSmBh3HF4O8tnTkWQNTPB2L65pyil8B0wBiXNZ7DXn0IDLBCgN%2FK3%2BGwmqM%2BpFjjh%2FGPU%2BK9K7OXF%2BaHk0eX6N0xSuoVW6n8HgFyAb8Ejk6NPn7kLWoqma4PmRXoEJOQS7Px31ki0S55AAzOvpnJdabBXNHfp7o9fTLVUGDkrJsD%2BxslnIbtSbMjuMWOAbCY81f975eS5nfR25FBiP83WAv8GAIoQ0MwLPWeb%2Fd70KKcuyUEM8QVWE3gA5c4elr%2FjFuw6wZIscCuBmDj%2B%2F0X8gFBBhr6rnnTk5Nq2rE76lNexxID9n82yNgAygf9Ia%2FIDcyjh15RQN5IM5zaT3PNLxJzAGvtxnTWO3w%2FM6A6ZuZuhDNO2%2BUDCLrmiHnve4xjvsEqzLqK%2F3VpPho52iKbyoHxfuzt%2FP%2Fi5DPytCazFT9wRPOcYlK0FfnCLhjh%2Bd%2FkWqu4q2eX47AeDQT1HwpHdgqUP2oYCXqBf0e9k7j3ljb2VI8PiRWOisJBgZNesay0AGMf9QJunlrOacPGQVoWd0jB03C5aYq3HUc1IKtSSLJQZncWk8e8Ttfjz6Fs%3D&nvMid=29372396048&catId=50001519
